"place","pop2023","growthRate","area","country","cca3","cca2","ccn3","region","subregion","unMember","officialName","landAreaKm","density","densityMi","Rank","obesityRatesByCountry_obesityRate"
356,1428627663,0.00808,3287590,"India","IND","IN",356,"Asia","Southern Asia, South Central Asia",true,"Republic of India",2973190,480.5033,1244.5036,1,3.9
156,1425671352,-0.00015,9706961,"China","CHN","CN",156,"Asia","Eastern Asia",true,"People's Republic of China",9424702.9,151.2696,391.7884,2,6.2
840,339996563,0.00505,9372610,"United States","USA","US",840,"North America","Northern America",true,"United States of America",9147420,37.1686,96.2666,3,36.2
360,277534122,0.00738,1904569,"Indonesia","IDN","ID",360,"Asia","South-Eastern Asia",true,"Republic of Indonesia",1877519,147.8196,382.8528,4,6.9
586,240485658,0.01976,881912,"Pakistan","PAK","PK",586,"Asia","Southern Asia, South Central Asia",true,"Islamic Republic of Pakistan",770880,311.9625,807.9829,5,8.6
566,223804632,0.02408,923768,"Nigeria","NGA","NG",566,"Africa","Western Africa, Sub-Saharan Africa",true,"Federal Republic of Nigeria",910770,245.7312,636.4439,6,8.9
76,216422446,0.00515,8515767,"Brazil","BRA","BR",76,"South America","South America, Latin America",true,"Federative Republic of Brazil",8358140,25.8936,67.0645,7,22.1
50,172954319,0.01033,147570,"Bangladesh","BGD","BD",50,"Asia","Southern Asia, South Central Asia",true,"People's Republic of Bangladesh",130170,1328.6803,3441.2821,8,3.6
643,144444359,-0.00186,17098242,"Russia","RUS","RU",643,"Europe","Eastern Europe",true,"Russian Federation",16376870,8.82,22.8439,9,23.1
484,128455567,0.00746,1964375,"Mexico","MEX","MX",484,"North America","Central America, Latin America",true,"United Mexican States",1943950,66.0797,171.1463,10,28.9
231,126527060,0.02551,1104300,"Ethiopia","ETH","ET",231,"Africa","Eastern Africa, Sub-Saharan Africa",true,"Federal Democratic Republic of Ethiopia",1128571.3,112.1126,290.3716,11,4.5
392,123294513,-0.0053,377930,"Japan","JPN","JP",392,"Asia","Eastern Asia",true,"Japan",364500,338.2566,876.0845,12,4.3
608,117337368,0.01539,342353,"Philippines","PHL","PH",608,"Asia","South-Eastern Asia",true,"Republic of the Philippines",298170,393.5251,1019.2299,13,6.4
818,112716598,0.01556,1002450,"Egypt","EGY","EG",818,"Africa","Northern Africa, The Middle East",true,"Arab Republic of Egypt",995450,113.2318,293.2704,14,32
180,102262808,0.03285,2344858,"DR Congo","COD","CD",180,"Africa","Middle Africa, Sub-Saharan Africa",true,"Democratic Republic of the Congo",2267050,45.1083,116.8305,15,6.7
704,98858950,0.00685,331212,"Vietnam","VNM","VN",704,"Asia","South-Eastern Asia",true,"Socialist Republic of Vietnam",313429,315.411,816.9145,16,2.1
364,89172767,0.00703,1648195,"Iran","IRN","IR",364,"Asia","Southern Asia, The Middle East",true,"Islamic Republic of Iran",1622500,54.9601,142.3467,17,25.8
792,85816199,0.00557,783562,"Turkey","TUR","TR",792,"Asia","Western Asia, The Middle East",true,"Republic of Turkey",783562,109.5206,283.6584,18,32.1
276,83294633,-0.0009,357114,"Germany","DEU","DE",276,"Europe","Western Europe",true,"Federal Republic of Germany",349390,238.4002,617.4564,19,22.3
764,71801279,0.00145,513120,"Thailand","THA","TH",764,"Asia","South-Eastern Asia",true,"Kingdom of Thailand",510890,140.5416,364.0026,20,10
826,67736802,0.00338,242900,"United Kingdom","GBR","GB",826,"Europe","Northern Europe",true,"United Kingdom of Great Britain and Northern Ireland",241930,279.9851,725.1615,21,27.8
834,67438106,0.02963,945087,"Tanzania","TZA","TZ",834,"Africa","Eastern Africa, Sub-Saharan Africa",true,"United Republic of Tanzania",885800,76.1324,197.183,22,8.4
250,64756584,0.00201,551695,"France","FRA","FR",250,"Europe","Western Europe",true,"French Republic",547557,118.2646,306.3052,23,21.6
710,60414495,0.00869,1221037,"South Africa","ZAF","ZA",710,"Africa","Southern Africa, Sub-Saharan Africa",true,"Republic of South Africa",1213090,49.8022,128.9876,24,28.3
380,58870762,-0.00282,301336,"Italy","ITA","IT",380,"Europe","Southern Europe",true,"Italian Republic",295717,199.078,515.6121,25,19.9
404,55100586,0.01986,580367,"Kenya","KEN","KE",404,"Africa","Eastern Africa, Sub-Saharan Africa",true,"Republic of Kenya",569140,96.8138,250.7477,26,7.1
104,54577997,0.00736,676578,"Myanmar","MMR","MM",104,"Asia","South-Eastern Asia",true,"Republic of the Union of Myanmar",652670,83.6227,216.5827,27,5.8
170,52085168,0.00407,1141748,"Colombia","COL","CO",170,"South America","South America, Latin America",true,"Republic of Colombia",1109500,46.9447,121.5868,28,22.3
410,51784059,-0.00061,100210,"South Korea","KOR","KR",410,"Asia","Eastern Asia",true,"Republic of Korea",97600,530.5744,1374.1876,29,4.7
800,48582334,0.02821,241550,"Uganda","UGA","UG",800,"Africa","Eastern Africa, Sub-Saharan Africa",true,"Republic of Uganda",200520,242.2817,627.5097,30,5.3
729,48109006,0.02634,1886068,"Sudan","SDN","SD",729,"Africa","Northern Africa",true,"Republic of the Sudan",1868000,25.7543,66.7036,31,8.6
724,47519628,-0.00082,505992,"Spain","ESP","ES",724,"Europe","Southern Europe",true,"Kingdom of Spain",499556.6,95.1236,246.3702,32,23.8
32,45773884,0.00579,2780400,"Argentina","ARG","AR",32,"South America","South America, Latin America",true,"Argentine Republic",2736690,16.726,43.3203,33,28.3
12,45606480,0.01566,2381741,"Algeria","DZA","DZ",12,"Africa","Northern Africa",true,"People's Democratic Republic of Algeria",2381741,19.1484,49.5943,34,27.4
368,45504560,0.02266,438317,"Iraq","IRQ","IQ",368,"Asia","Western Asia, The Middle East",true,"Republic of Iraq",434128,104.8183,271.4794,35,30.4
4,42239854,0.02702,652230,"Afghanistan","AFG","AF",4,"Asia","South Central Asia, Southern Asia",true,"Islamic Republic of Afghanistan",652230,64.7622,167.7341,36,5.5
616,41026067,0.02933,312679,"Poland","POL","PL",616,"Europe","Eastern Europe",true,"Republic of Poland",306130,134.0152,347.0993,37,23.1
124,38781291,0.0085,9984670,"Canada","CAN","CA",124,"North America","Northern America",true,"Canada",8965590,4.3256,11.2032,38,29.4
504,37840044,0.0102,446550,"Morocco","MAR","MA",504,"Africa","Northern Africa",true,"Kingdom of Morocco",446300,84.7861,219.596,39,26.1
682,36947025,0.01478,2149690,"Saudi Arabia","SAU","SA",682,"Asia","Western Asia, The Middle East",true,"Kingdom of Saudi Arabia",2149690,17.1871,44.5147,40,35.4
804,36744634,-0.07448,603500,"Ukraine","UKR","UA",804,"Europe","Eastern Europe",true,"Ukraine",579400,63.4184,164.2537,41,24.1
24,36684202,0.03077,1246700,"Angola","AGO","AO",24,"Africa","Middle Africa, Sub-Saharan Africa",true,"Republic of Angola",1246700,29.425,76.2109,42,8.2
860,35163944,0.01549,447400,"Uzbekistan","UZB","UZ",860,"Asia","Central Asia, South Central Asia",true,"Republic of Uzbekistan",440650,79.8002,206.6824,43,16.6
887,34449825,0.02235,527968,"Yemen","YEM","YE",887,"Asia","Western Asia, The Middle East",true,"Republic of Yemen",527970,65.2496,168.9964,44,17.1
604,34352719,0.0089,1285216,"Peru","PER","PE",604,"South America","South America, Latin America",true,"Republic of Peru",1280000,26.8381,69.5106,45,19.7
458,34308525,0.01091,330803,"Malaysia","MYS","MY",458,"Asia","South-Eastern Asia",true,"Malaysia",328550,104.4241,270.4583,46,15.6
288,34121985,0.0193,238533,"Ghana","GHA","GH",288,"Africa","Western Africa, Sub-Saharan Africa",true,"Republic of Ghana",227533,149.965,388.4093,47,10.9
508,33897354,0.02814,801590,"Mozambique","MOZ","MZ",508,"Africa","Eastern Africa, Sub-Saharan Africa",true,"Republic of Mozambique",786380,43.1056,111.6434,48,7.2
524,30896590,0.01143,147181,"Nepal","NPL","NP",524,"Asia","Southern Asia, South Central Asia",true,"Federal Democratic Republic of Nepal",143350,215.5325,558.2293,49,4.1
450,30325732,0.02411,587041,"Madagascar","MDG","MG",450,"Africa","Eastern Africa, Sub-Saharan Africa",true,"Republic of Madagascar",581800,52.124,135.0011,50,5.3
384,28873034,0.0253,322463,"Ivory Coast","CIV","CI",384,"Africa","Western Africa, Sub-Saharan Africa",true,"Republic of Côte d'Ivoire",318000,90.7957,235.1609,51,10.3
862,28838499,0.01897,916445,"Venezuela","VEN","VE",862,"South America","South America, Latin America",true,"Bolivarian Republic of Venezuela",882050,32.6949,84.6797,52,25.6
120,28647293,0.02625,475442,"Cameroon","CMR","CM",120,"Africa","Middle Africa, Sub-Saharan Africa",true,"Republic of Cameroon",472710,60.6023,156.9598,53,11.4
562,27202843,0.03796,1267000,"Niger","NER","NE",562,"Africa","Western Africa, Sub-Saharan Africa",true,"Republic of Niger",1266700,21.4754,55.6212,54,5.5
36,26439111,0.01,7692024,"Australia","AUS","AU",36,"Oceania","Australia and New Zealand",true,"Commonwealth of Australia",7692020,3.4372,8.9024,55,29
408,26160821,0.00351,120538,"North Korea","PRK","KP",408,"Asia","Eastern Asia",true,"Democratic People's Republic of Korea",120410,217.2645,562.7151,56,6.8
466,23293698,0.03099,1240192,"Mali","MLI","ML",466,"Africa","Western Africa, Sub-Saharan Africa",true,"Republic of Mali",1220190,19.0902,49.4437,58,8.6
854,23251485,0.02548,272967,"Burkina Faso","BFA","BF",854,"Africa","Western Africa, Sub-Saharan Africa",true,"Burkina Faso",273600,84.9835,220.1073,59,5.6
760,23227014,0.0498,185180,"Syria","SYR","SY",760,"Asia","Western Asia, The Middle East",true,"Syrian Arab Republic",183630,126.4881,327.6042,60,27.8
144,21893579,0.00281,65610,"Sri Lanka","LKA","LK",144,"Asia","Southern Asia, South Central Asia",true,"Democratic Socialist Republic of Sri Lanka",61860,353.9214,916.6565,61,5.2
454,20931751,0.0258,118484,"Malawi","MWI","MW",454,"Africa","Eastern Africa, Sub-Saharan Africa",true,"Republic of Malawi",94280,222.0169,575.0237,62,5.8
894,20569737,0.02758,752612,"Zambia","ZMB","ZM",894,"Africa","Eastern Africa, Sub-Saharan Africa",true,"Republic of Zambia",743390,27.6702,71.6658,63,8.1
642,19892812,0.01188,238391,"Romania","ROU","RO",642,"Europe","Eastern Europe",true,"Romania",230080,86.4604,223.9325,64,22.5
152,19629590,0.00132,756102,"Chile","CHL","CL",152,"South America","South America, Latin America",true,"Republic of Chile",743532,26.4005,68.3772,65,28
398,19606633,0.01076,2724900,"Kazakhstan","KAZ","KZ",398,"Asia","Central Asia",true,"Republic of Kazakhstan",2699700,7.2625,18.8099,66,21
148,18278568,0.03133,1284000,"Chad","TCD","TD",148,"Africa","Middle Africa, Sub-Saharan Africa",true,"Republic of Chad",1259200,14.516,37.5965,67,6.1
218,18190484,0.01053,276841,"Ecuador","ECU","EC",218,"South America","South America, Latin America",true,"Republic of Ecuador",248360,73.2424,189.6978,68,19.9
706,18143378,0.03102,637657,"Somalia","SOM","SO",706,"Africa","Eastern Africa, Sub-Saharan Africa",true,"Federal Republic of Somalia",627340,28.9211,74.9057,69,8.3
320,18092026,0.01391,108889,"Guatemala","GTM","GT",320,"North America","Central America, Latin America",true,"Republic of Guatemala",107160,168.8319,437.2746,70,21.2
686,17763163,0.0258,196722,"Senegal","SEN","SN",686,"Africa","Western Africa, Sub-Saharan Africa",true,"Republic of Senegal",192530,92.2618,238.958,71,8.8
528,17618299,0.00309,41850,"Netherlands","NLD","NL",528,"Europe","Western Europe",true,"Netherlands",33670,523.264,1355.2538,72,20.4
116,16944826,0.01056,181035,"Cambodia","KHM","KH",116,"Asia","South-Eastern Asia",true,"Kingdom of Cambodia",176520,95.9938,248.6239,73,3.9
716,16665409,0.02113,390757,"Zimbabwe","ZWE","ZW",716,"Africa","Eastern Africa, Sub-Saharan Africa",true,"Republic of Zimbabwe",386850,43.0798,111.5766,74,15.5
324,14190612,0.0239,245857,"Guinea","GIN","GN",324,"Africa","Western Africa, Sub-Saharan Africa",true,"Republic of Guinea",245720,57.7511,149.5755,75,7.7
646,14094683,0.02308,26338,"Rwanda","RWA","RW",646,"Africa","Eastern Africa, Sub-Saharan Africa",true,"Republic of Rwanda",24670,571.3289,1479.7417,76,5.8
204,13712828,0.02696,112622,"Benin","BEN","BJ",204,"Africa","Western Africa, Sub-Saharan Africa",true,"Republic of Benin",112760,121.6107,314.9718,77,9.6
108,13238559,0.02708,27834,"Burundi","BDI","BI",108,"Africa","Eastern Africa, Sub-Saharan Africa",true,"Republic of Burundi",25680,515.5202,1335.1973,78,5.4
788,12458223,0.00826,163610,"Tunisia","TUN","TN",788,"Africa","Northern Africa",true,"Tunisian Republic",155360,80.1894,207.6905,79,26.9
68,12388571,0.01345,1098581,"Bolivia","BOL","BO",68,"South America","South America, Latin America",true,"Plurinational State of Bolivia",1083300,11.436,29.6191,80,20.2
332,11724763,0.01206,27750,"Haiti","HTI","HT",332,"North America","Caribbean",true,"Republic of Haiti",27560,425.4268,1101.8554,81,22.7
56,11686140,0.00259,30528,"Belgium","BEL","BE",56,"Europe","Western Europe",true,"Kingdom of Belgium",30280,385.9359,999.5741,82,22.1
400,11337052,0.00454,89342,"Jordan","JOR","JO",400,"Asia","Western Asia, The Middle East",true,"Hashemite Kingdom of Jordan",88794,127.6781,330.6864,83,35.5
214,11332972,0.00928,48671,"Dominican Republic","DOM","DO",214,"North America","Caribbean",true,"Dominican Republic",48310,234.5885,607.5843,84,27.6
192,11194449,-0.00158,109884,"Cuba","CUB","CU",192,"North America","Caribbean",true,"Republic of Cuba",103800,107.8463,279.322,85,24.6
728,11088796,0.01609,619745,"South Sudan","SSD","SS",728,"Africa","Middle Africa, Sub-Saharan Africa",true,"Republic of South Sudan",631930,17.5475,45.448,86,8.6
752,10612086,0.00595,450295,"Sweden","SWE","SE",752,"Europe","Northern Europe",true,"Kingdom of Sweden",407283.5,26.0558,67.4844,87,20.6
340,10593798,0.01543,112492,"Honduras","HND","HN",340,"North America","Central America, Latin America",true,"Republic of Honduras",111890,94.6805,245.2224,88,21.4
203,10495295,0.00013,78865,"Czech Republic","CZE","CZ",203,"Europe","Eastern Europe",true,"Czech Republic",77198.5,135.9521,352.1158,89,26
31,10412651,0.00527,86600,"Azerbaijan","AZE","AZ",31,"Asia","Western Asia",true,"Republic of Azerbaijan",82646,125.991,326.3167,90,19.9
300,10341277,-0.00421,131990,"Greece","GRC","GR",300,"Europe","Southern Europe",true,"Hellenic Republic",128900,80.2271,207.7883,91,24.9
598,10329931,0.01847,462840,"Papua New Guinea","PNG","PG",598,"Oceania","Melanesia",true,"Independent State of Papua New Guinea",452860,22.8104,59.079,92,21.3
620,10247605,-0.00227,92090,"Portugal","PRT","PT",620,"Europe","Southern Europe",true,"Portuguese Republic",91605.6,111.8666,289.7344,93,20.8
348,10156239,0.01896,93028,"Hungary","HUN","HU",348,"Europe","Eastern Europe",true,"Hungary",91260,111.2891,288.2386,94,26.4
762,10143543,0.01917,143100,"Tajikistan","TJK","TJ",762,"Asia","Central Asia, South Central Asia",true,"Republic of Tajikistan",138790,73.0855,189.2916,95,14.2
784,9516871,0.00802,83600,"United Arab Emirates","ARE","AE",784,"Asia","Western Asia, The Middle East",true,"United Arab Emirates",71020,134.0027,347.067,96,31.7
112,9498238,-0.00385,207600,"Belarus","BLR","BY",112,"Europe","Eastern Europe",true,"Republic of Belarus",202980,46.794,121.1964,97,24.5
376,9174520,0.01507,20770,"Israel","ISR","IL",376,"Asia","Western Asia, The Middle East",true,"State of Israel",21640,423.9612,1098.0595,98,26.1
768,9053799,0.02318,56785,"Togo","TGO","TG",768,"Africa","Western Africa, Sub-Saharan Africa",true,"Togolese Republic",54390,166.4607,431.1333,99,8.4
40,8958960,0.00216,83871,"Austria","AUT","AT",40,"Europe","Western Europe",true,"Republic of Austria",82520,108.5671,281.1889,100,20.1
756,8796669,0.00643,41284,"Switzerland","CHE","CH",756,"Europe","Western Europe",true,"Swiss Confederation",39516,222.6103,576.5607,101,19.5
694,8791092,0.02154,71740,"Sierra Leone","SLE","SL",694,"Africa","Western Africa, Sub-Saharan Africa",true,"Republic of Sierra Leone",72180,121.794,315.4465,102,8.7
418,7633779,0.01385,236800,"Laos","LAO","LA",418,"Asia","South-Eastern Asia",true,"Lao People's Democratic Republic",230800,33.0753,85.665,103,5.3
688,7149077,-0.01001,88361,"Serbia","SRB","RS",688,"Europe","Southern Europe",true,"Republic of Serbia",87460,81.7411,211.7095,105,21.5
558,7046310,0.01409,130373,"Nicaragua","NIC","NI",558,"North America","Central America, Latin America",true,"Republic of Nicaragua",120340,58.5533,151.6532,106,23.7
434,6888388,0.01116,1759540,"Libya","LBY","LY",434,"Africa","Northern Africa",true,"State of Libya",1759540,3.9149,10.1395,107,32.5
600,6861524,0.01191,406752,"Paraguay","PRY","PY",600,"South America","South America, Latin America",true,"Republic of Paraguay",397300,17.2704,44.7303,108,20.3
417,6735347,0.01579,199951,"Kyrgyzstan","KGZ","KG",417,"Asia","Central Asia, South Central Asia",true,"Kyrgyz Republic",191800,35.1165,90.9518,109,16.6
100,6687717,-0.0139,110879,"Bulgaria","BGR","BG",100,"Europe","Eastern Europe",true,"Republic of Bulgaria",108560,61.6039,159.554,110,25
795,6516100,0.01327,488100,"Turkmenistan","TKM","TM",795,"Asia","Central Asia, South Central Asia",true,"Turkmenistan",469930,13.8661,35.9132,111,18.6
222,6364943,0.00451,21041,"El Salvador","SLV","SV",222,"North America","Central America, Latin America",true,"Republic of El Salvador",20720,307.1884,795.6179,112,24.6
178,6106869,0.02285,342000,"Republic of the Congo","COG","CG",178,"Africa","Middle Africa, Sub-Saharan Africa",true,"Republic of the Congo",341500,17.8825,46.3156,113,9.6
702,6014723,0.00653,710,"Singapore","SGP","SG",702,"Asia","South-Eastern Asia",true,"Republic of Singapore",718,8377.0515,21696.5635,114,6.1
208,5910913,0.00487,43094,"Denmark","DNK","DK",208,"Europe","Northern Europe",true,"Kingdom of Denmark",40000,147.7728,382.7316,115,19.7
703,5795199,0.02689,49037,"Slovakia","SVK","SK",703,"Europe","Eastern Europe",true,"Slovak Republic",49035,118.1849,306.099,116,20.5
140,5742315,0.02925,622984,"Central African Republic","CAF","CF",140,"Africa","Middle Africa, Sub-Saharan Africa",true,"Central African Republic",622980,9.2175,23.8733,117,7.5
246,5545475,0.00085,338424,"Finland","FIN","FI",246,"Europe","Northern Europe",true,"Republic of Finland",303940,18.2453,47.2553,118,22.2
578,5474360,0.00737,323802,"Norway","NOR","NO",578,"Europe","Northern Europe",true,"Kingdom of Norway",364285,15.0277,38.9217,119,23.1
430,5418377,0.02182,111369,"Liberia","LBR","LR",430,"Africa","Western Africa, Sub-Saharan Africa",true,"Republic of Liberia",96320,56.2539,145.6976,120,9.9
422,5353930,-0.02474,10452,"Lebanon","LBN","LB",422,"Asia","Western Asia, The Middle East",true,"Lebanese Republic",10230,523.3558,1355.4916,122,33.7
554,5228100,0.00826,270467,"New Zealand","NZL","NZ",554,"Oceania","Australia and New Zealand",true,"New Zealand",263310,19.8553,51.4252,123,30.8
188,5212173,0.00605,51100,"Costa Rica","CRI","CR",188,"North America","Central America, Latin America",true,"Republic of Costa Rica",51060,102.0794,264.3856,124,25.7
372,5056935,0.00673,70273,"Ireland","IRL","IE",372,"Europe","Northern Europe",true,"Ireland",68890,73.4059,190.1214,125,25.3
478,4862989,0.02678,1030700,"Mauritania","MRT","MR",478,"Africa","Western Africa, Sub-Saharan Africa",true,"Islamic Republic of Mauritania",1030700,4.7181,12.22,126,12.7
512,4644384,0.01488,309500,"Oman","OMN","OM",512,"Asia","Western Asia, The Middle East",true,"Sultanate of Oman",309500,15.0061,38.8658,127,27
591,4468087,0.0135,75417,"Panama","PAN","PA",591,"North America","Central America, Latin America",true,"Republic of Panama",74180,60.233,156.0036,128,22.7
414,4310108,0.00966,17818,"Kuwait","KWT","KW",414,"Asia","Western Asia, The Middle East",true,"State of Kuwait",17820,241.8691,626.4411,129,37.9
191,4008617,-0.00539,56594,"Croatia","HRV","HR",191,"Europe","Southern Europe",true,"Republic of Croatia",55960,71.6336,185.5311,130,24.4
232,3748901,0.01761,117600,"Eritrea","ERI","ER",232,"Africa","Eastern Africa, Sub-Saharan Africa",true,"State of Eritrea",121040.8,30.9722,80.218,131,5
268,3728282,-0.0043,69700,"Georgia","GEO","GE",268,"Asia","Western Asia",true,"Georgia",69490,53.6521,138.9588,132,21.7
496,3447157,0.01436,1564110,"Mongolia","MNG","MN",496,"Asia","Eastern Asia",true,"Mongolia",1557506.8,2.2133,5.7323,133,20.6
498,3435931,0.04978,33846,"Moldova","MDA","MD",498,"Europe","Eastern Europe",true,"Republic of Moldova",32884.6,104.4845,270.6149,134,18.9
858,3423108,0.00009,181034,"Uruguay","URY","UY",858,"South America","South America, Latin America",true,"Oriental Republic of Uruguay",175020,19.5584,50.6562,135,27.9
70,3210847,-0.00701,51209,"Bosnia and Herzegovina","BIH","BA",70,"Europe","Southern Europe",true,"Bosnia and Herzegovina",51200,62.7119,162.4237,137,17.9
8,2832439,-0.00348,28748,"Albania","ALB","AL",8,"Europe","Southern Europe",true,"Republic of Albania",27400,103.3737,267.7378,138,21.7
388,2825544,-0.00065,10991,"Jamaica","JAM","JM",388,"North America","Caribbean",true,"Jamaica",10830,260.8997,675.7303,139,24.7
51,2777970,-0.0009,29743,"Armenia","ARM","AM",51,"Asia","Western Asia",true,"Republic of Armenia",28470,97.5753,252.7201,140,20.2
270,2773168,0.02483,10689,"Gambia","GMB","GM",270,"Africa","Western Africa, Sub-Saharan Africa",true,"Republic of the Gambia",10120,274.0285,709.7337,141,10.3
440,2718352,-0.01153,65300,"Lithuania","LTU","LT",440,"Europe","Northern Europe",true,"Republic of Lithuania",62620,43.4103,112.4326,142,26.3
634,2716391,0.00789,11586,"Qatar","QAT","QA",634,"Asia","Western Asia, The Middle East",true,"State of Qatar",11490,236.4135,612.3109,143,35.1
72,2675352,0.01713,582000,"Botswana","BWA","BW",72,"Africa","Southern Africa, Sub-Saharan Africa",true,"Republic of Botswana",566730,4.7207,12.2266,144,18.9
516,2604172,0.01448,825615,"Namibia","NAM","NA",516,"Africa","Southern Africa, Sub-Saharan Africa",true,"Republic of Namibia",823290,3.1631,8.1925,145,17.2
266,2436566,0.01991,267668,"Gabon","GAB","GA",266,"Africa","Middle Africa, Sub-Saharan Africa",true,"Gabonese Republic",257670,9.4561,24.4914,146,15
426,2330318,0.01062,30355,"Lesotho","LSO","LS",426,"Africa","Southern Africa, Sub-Saharan Africa",true,"Kingdom of Lesotho",30360,76.7562,198.7985,147,16.6
624,2150842,0.0215,36125,"Guinea-Bissau","GNB","GW",624,"Africa","Western Africa, Sub-Saharan Africa",true,"Republic of Guinea-Bissau",28120,76.488,198.1039,148,9.5
705,2119675,-0.00008,20273,"Slovenia","SVN","SI",705,"Europe","Southern Europe",true,"Republic of Slovenia",20136.4,105.2658,272.6385,149,20.2
428,1830211,-0.01105,64559,"Latvia","LVA","LV",428,"Europe","Northern Europe",true,"Republic of Latvia",62230,29.4104,76.173,151,23.6
226,1714671,0.02374,28051,"Equatorial Guinea","GNQ","GQ",226,"Africa","Middle Africa, Sub-Saharan Africa",true,"Republic of Equatorial Guinea",28050,61.1291,158.3243,152,8
780,1534937,0.00254,5130,"Trinidad and Tobago","TTO","TT",780,"North America","Caribbean",true,"Republic of Trinidad and Tobago",5130,299.208,774.9487,153,18.6
48,1485509,0.00902,765,"Bahrain","BHR","BH",48,"Asia","Western Asia, The Middle East",true,"Kingdom of Bahrain",785,1892.3682,4901.2335,154,29.8
626,1360596,0.01439,14874,"Timor-Leste","TLS","TL",626,"Asia","South-Eastern Asia",true,"Democratic Republic of Timor-Leste",14870,91.4994,236.9834,155,3.8
233,1322765,-0.00249,45227,"Estonia","EST","EE",233,"Europe","Northern Europe",true,"Republic of Estonia",42750,30.9419,80.1394,156,21.2
480,1300557,0.00084,2040,"Mauritius","MUS","MU",480,"Africa","Eastern Africa, Sub-Saharan Africa",true,"Republic of Mauritius",2030,640.6685,1659.3313,157,10.8
196,1260138,0.00691,9251,"Cyprus","CYP","CY",196,"Europe","Eastern Europe, The Middle East",true,"Republic of Cyprus",9240,136.3786,353.2205,158,21.8
748,1210822,0.00762,17364,"Eswatini","SWZ","SZ",748,"Africa","Southern Africa, Sub-Saharan Africa",true,"Kingdom of Eswatini",17200,70.3966,182.3273,159,16.5
262,1136455,0.01392,23200,"Djibouti","DJI","DJ",262,"Africa","Eastern Africa, Sub-Saharan Africa",true,"Republic of Djibouti",23180,49.0274,126.981,160,13.5
242,936375,0.00711,18272,"Fiji","FJI","FJ",242,"Oceania","Melanesia",true,"Republic of Fiji",18270,51.2521,132.7428,162,30.2
174,852075,0.01829,1862,"Comoros","COM","KM",174,"Africa","Eastern Africa, Sub-Saharan Africa",true,"Union of the Comoros",1861,457.8587,1185.854,163,7.8
328,813834,0.00632,214969,"Guyana","GUY","GY",328,"South America","South America, Latin America",true,"Co-operative Republic of Guyana",196850,4.1343,10.7078,164,20.2
64,787424,0.00635,38394,"Bhutan","BTN","BT",64,"Asia","Southern Asia, South Central Asia",true,"Kingdom of Bhutan",38140,20.6456,53.4722,165,6.4
90,740424,0.0223,28896,"Solomon Islands","SLB","SB",90,"Oceania","Melanesia",true,"Solomon Islands",27990,26.4532,68.5137,166,22.5
442,654768,0.01107,2586,"Luxembourg","LUX","LU",442,"Europe","Western Europe",true,"Grand Duchy of Luxembourg",2574.5,254.3282,658.7101,168,22.6
499,626485,-0.00095,13812,"Montenegro","MNE","ME",499,"Europe","Southern Europe",true,"Montenegro",13450,46.5788,120.6391,169,23.3
740,623236,0.00841,163820,"Suriname","SUR","SR",740,"South America","South America, Latin America",true,"Republic of Suriname",156000,3.9951,10.3473,170,26.4
132,598682,0.00933,4033,"Cape Verde","CPV","CV",132,"Africa","Western Africa, Sub-Saharan Africa",true,"Republic of Cabo Verde",4033,148.4458,384.4747,171,11.8
470,535064,0.00333,316,"Malta","MLT","MT",470,"Europe","Southern Europe",true,"Republic of Malta",320,1672.075,4330.6743,173,28.9
462,521020.99999999994,-0.00528,300,"Maldives","MDV","MV",462,"Asia","Southern Asia, South Central Asia",true,"Republic of the Maldives",300,1736.7367,4498.148,174,8.6
96,452524,0.00784,5765,"Brunei","BRN","BN",96,"Asia","South-Eastern Asia",true,"Nation of Brunei, Abode of Peace",5270,85.8679,222.3979,175,14.1
44,412623,0.00644,13943,"Bahamas","BHS","BS",44,"North America","Caribbean",true,"Commonwealth of the Bahamas",10010,41.2211,106.7626,176,31.6
84,410825,0.0137,22966,"Belize","BLZ","BZ",84,"North America","Central America, Latin America",true,"Belize",22810,18.0107,46.6478,177,24.1
352,375318,0.00649,103000,"Iceland","ISL","IS",352,"Europe","Northern Europe",true,"Iceland",100830,3.7223,9.6407,179,21.9
548,334506,0.02377,12189,"Vanuatu","VUT","VU",548,"Oceania","Melanesia",true,"Republic of Vanuatu",12190,27.441,71.0722,182,25.2
52,281995,0.00128,430,"Barbados","BRB","BB",52,"North America","Caribbean",true,"Barbados",430,655.8023,1698.528,186,23.1
678,231856,0.01969,964,"Sao Tome and Principe","STP","ST",678,"Africa","Middle Africa, Sub-Saharan Africa",true,"Democratic Republic of São Tomé and Príncipe",960,241.5167,625.5282,187,12.4
882,225681,0.01484,2842,"Samoa","WSM","WS",882,"Oceania","Polynesia",true,"Independent State of Samoa",2780,81.1802,210.2568,188,47.3
662,180251,0.00219,616,"Saint Lucia","LCA","LC",662,"North America","Caribbean",true,"Saint Lucia",610,295.4934,765.328,190,19.7
296,133515,0.0174,811,"Kiribati","KIR","KI",296,"Oceania","Micronesia",true,"Independent and Sovereign Republic of Kiribati",810,164.8333,426.9183,192,46
308,126183,0.00594,344,"Grenada","GRD","GD",308,"North America","Caribbean",true,"Grenada",340,371.1265,961.2176,193,21.3
583,115224,0.00929,702,"Micronesia","FSM","FM",583,"Oceania","Micronesia",true,"Federated States of Micronesia",700,164.6057,426.3288,194,45.8
776,107773,0.00856,747,"Tonga","TON","TO",776,"Oceania","Polynesia",true,"Kingdom of Tonga",720,149.6847,387.6834,196,48.2
690,107660,0.00506,452,"Seychelles","SYC","SC",690,"Africa","Eastern Africa, Sub-Saharan Africa",true,"Republic of Seychelles",460,234.0435,606.1726,197,14
670,103698,-0.00241,389,"Saint Vincent and the Grenadines","VCT","VC",670,"North America","Caribbean",true,"Saint Vincent and the Grenadines",390,265.8923,688.6611,199,24.1
28,94298,0.00571,442,"Antigua and Barbuda","ATG","AG",28,"North America","Caribbean",true,"Antigua and Barbuda",440,214.3136,555.0723,201,18.9
20,80088,0.00331,468,"Andorra","AND","AD",20,"Europe","Southern Europe",true,"Principality of Andorra",470,170.4,441.336,203,25.6
212,73040,0.00417,751,"Dominica","DMA","DM",212,"North America","Caribbean",true,"Commonwealth of Dominica",750,97.3867,252.2315,204,27.9
659,47755,0.00206,261,"Saint Kitts and Nevis","KNA","KN",659,"North America","Caribbean",true,"Federation of Saint Christopher and Nevisa",260,183.6731,475.7133,211,22.9
584,41996,0.01027,181,"Marshall Islands","MHL","MH",584,"Oceania","Micronesia",true,"Republic of the Marshall Islands",180,233.3111,604.2758,215,52.9
585,18058,0.00017,459,"Palau","PLW","PW",585,"Oceania","Micronesia",true,"Republic of Palau",460,39.2565,101.6744,222,55.3
184,17044,0.00194,240,"Cook Islands","COK","CK",184,"Oceania","Polynesia",false,"Cook Islands",240,71.0167,183.9332,223,55.9
520,12780,0.00884,21,"Nauru","NRU","NR",520,"Oceania","Micronesia",true,"Republic of Nauru",20,639,1655.01,225,61
798,11396,0.00743,26,"Tuvalu","TUV","TV",798,"Oceania","Polynesia",true,"Tuvalu",30,379.8667,983.8547,227,51.6
570,1935,0.00052,261,"Niue","NIU","NU",570,"Oceania","Polynesia",false,"Niue",261,7.4138,19.2017,232,50